state,recommendation
Andaman and Nicobar Islands,Increase healthcare readiness through additional staffing and infrastructure investment. Improve doctor availability through targeted recruitment and redistribution. Promote quality improvement and accreditation support for hospitals.
Andhra Pradesh,Prioritize higher budget allocation for upcoming planning cycle. Expand hospital bed capacity and strengthen district-level bed availability. Improve doctor availability through targeted recruitment and redistribution. Strengthen vaccine logistics and supply chain planning for high service demand.
Arunachal Pradesh,Increase healthcare readiness through additional staffing and infrastructure investment. Expand hospital bed capacity and strengthen district-level bed availability. Improve doctor availability through targeted recruitment and redistribution. Promote quality improvement and accreditation support for hospitals.
Assam,Promote quality improvement and accreditation support for hospitals.
Bihar,Prioritize higher budget allocation for upcoming planning cycle. Expand hospital bed capacity and strengthen district-level bed availability. Promote quality improvement and accreditation support for hospitals. Strengthen vaccine logistics and supply chain planning for high service demand.
Chandigarh,Increase healthcare readiness through additional staffing and infrastructure investment. Improve doctor availability through targeted recruitment and redistribution.
Chhattisgarh,Increase healthcare readiness through additional staffing and infrastructure investment. Prioritize higher budget allocation for upcoming planning cycle. Strengthen vaccine logistics and supply chain planning for high service demand.
Dadra and Nagar Haveli and Daman and Diu,Increase healthcare readiness through additional staffing and infrastructure investment. Improve doctor availability through targeted recruitment and redistribution. Promote quality improvement and accreditation support for hospitals.
Delhi,Maintain current healthcare performance and continue monitoring resource utilization.
Goa,Increase healthcare readiness through additional staffing and infrastructure investment. Prioritize higher budget allocation for upcoming planning cycle. Promote quality improvement and accreditation support for hospitals. Strengthen vaccine logistics and supply chain planning for high service demand.
Gujarat,Prioritize higher budget allocation for upcoming planning cycle. Expand hospital bed capacity and strengthen district-level bed availability. Strengthen vaccine logistics and supply chain planning for high service demand.
Haryana,Prioritize higher budget allocation for upcoming planning cycle. Expand hospital bed capacity and strengthen district-level bed availability. Strengthen vaccine logistics and supply chain planning for high service demand.
Himachal Pradesh,Increase healthcare readiness through additional staffing and infrastructure investment. Prioritize higher budget allocation for upcoming planning cycle. Expand hospital bed capacity and strengthen district-level bed availability. Improve doctor availability through targeted recruitment and redistribution. Promote quality improvement and accreditation support for hospitals. Strengthen vaccine logistics and supply chain planning for high service demand.
Jammu and Kashmir,Expand hospital bed capacity and strengthen district-level bed availability. Improve doctor availability through targeted recruitment and redistribution. Promote quality improvement and accreditation support for hospitals.
Jharkhand,Increase healthcare readiness through additional staffing and infrastructure investment. Prioritize higher budget allocation for upcoming planning cycle. Expand hospital bed capacity and strengthen district-level bed availability. Improve doctor availability through targeted recruitment and redistribution. Promote quality improvement and accreditation support for hospitals. Strengthen vaccine logistics and supply chain planning for high service demand.
Karnataka,Prioritize higher budget allocation for upcoming planning cycle. Strengthen vaccine logistics and supply chain planning for high service demand.
Kerala,Maintain current healthcare performance and continue monitoring resource utilization.
Ladakh,Increase healthcare readiness through additional staffing and infrastructure investment. Expand hospital bed capacity and strengthen district-level bed availability. Improve doctor availability through targeted recruitment and redistribution. Promote quality improvement and accreditation support for hospitals.
Lakshadweep,Increase healthcare readiness through additional staffing and infrastructure investment. Expand hospital bed capacity and strengthen district-level bed availability. Improve doctor availability through targeted recruitment and redistribution. Promote quality improvement and accreditation support for hospitals.
Madhya Pradesh,Prioritize higher budget allocation for upcoming planning cycle. Strengthen vaccine logistics and supply chain planning for high service demand.
Maharashtra,Prioritize higher budget allocation for upcoming planning cycle. Strengthen vaccine logistics and supply chain planning for high service demand.
Manipur,Increase healthcare readiness through additional staffing and infrastructure investment. Expand hospital bed capacity and strengthen district-level bed availability. Improve doctor availability through targeted recruitment and redistribution. Promote quality improvement and accreditation support for hospitals.
Meghalaya,Increase healthcare readiness through additional staffing and infrastructure investment. Improve doctor availability through targeted recruitment and redistribution. Promote quality improvement and accreditation support for hospitals.
Mizoram,Increase healthcare readiness through additional staffing and infrastructure investment. Expand hospital bed capacity and strengthen district-level bed availability. Improve doctor availability through targeted recruitment and redistribution. Promote quality improvement and accreditation support for hospitals.
Nagaland,Increase healthcare readiness through additional staffing and infrastructure investment. Expand hospital bed capacity and strengthen district-level bed availability. Improve doctor availability through targeted recruitment and redistribution. Promote quality improvement and accreditation support for hospitals.
Odisha,Prioritize higher budget allocation for upcoming planning cycle. Expand hospital bed capacity and strengthen district-level bed availability. Improve doctor availability through targeted recruitment and redistribution. Strengthen vaccine logistics and supply chain planning for high service demand.
Puducherry,Increase healthcare readiness through additional staffing and infrastructure investment. Improve doctor availability through targeted recruitment and redistribution. Promote quality improvement and accreditation support for hospitals.
Punjab,Prioritize higher budget allocation for upcoming planning cycle. Strengthen vaccine logistics and supply chain planning for high service demand.
Rajasthan,Expand hospital bed capacity and strengthen district-level bed availability. Improve doctor availability through targeted recruitment and redistribution.
Sikkim,Increase healthcare readiness through additional staffing and infrastructure investment. Prioritize higher budget allocation for upcoming planning cycle. Promote quality improvement and accreditation support for hospitals. Strengthen vaccine logistics and supply chain planning for high service demand.
Tamil Nadu,Maintain current healthcare performance and continue monitoring resource utilization.
Telangana,Prioritize higher budget allocation for upcoming planning cycle. Expand hospital bed capacity and strengthen district-level bed availability. Strengthen vaccine logistics and supply chain planning for high service demand.
Tripura,Increase healthcare readiness through additional staffing and infrastructure investment. Prioritize higher budget allocation for upcoming planning cycle. Promote quality improvement and accreditation support for hospitals. Strengthen vaccine logistics and supply chain planning for high service demand.
Uttar Pradesh,Prioritize higher budget allocation for upcoming planning cycle. Expand hospital bed capacity and strengthen district-level bed availability. Strengthen vaccine logistics and supply chain planning for high service demand.
Uttarakhand,Increase healthcare readiness through additional staffing and infrastructure investment. Prioritize higher budget allocation for upcoming planning cycle. Expand hospital bed capacity and strengthen district-level bed availability. Improve doctor availability through targeted recruitment and redistribution. Strengthen vaccine logistics and supply chain planning for high service demand.
West Bengal,Maintain current healthcare performance and continue monitoring resource utilization.
